"tv","prediction","lower95","upper95","appl.domain"
"RfD",6.7353162330618,5.12492797356785,8.24019363014952,4.704
"RfDNOAEL",3.8379577914481,2.2341711034551,5.28070339635234,2.653
"RfDBMDL",3.58802896492938,1.80726111375799,5.30529039334944,3.64
"RfDBMD",3.18207683625984,1.18379559980704,5.11998932512407,3.64
"OSF",4.53490362311862,2.54606357200615,6.36862959510289,5.111
"CPV",4.97571350000001,2.99790500000001,7.02647276666668,4.111
"RfC",6.02039366666667,3.62666598333334,8.03924851666668,2.404
"IUR",3.63626116666667,1.25164700833334,5.50037686666667,5.828
